{"OpenedDocuments":"[\"로직/파일 만들기.xaml\",\"Main.xaml\",\"로직/엑셀.xaml\",\"로직/DART 전자공시.xaml\",\"로직/종목코드 조회.xaml\"]","ProjectActivitiesViewState":"{\"Main.xaml\":[{\"ActivityIdRef\":\"KillProcess_1\",\"IsAdvancedOptionsExpanded\":false,\"Widgets\":{}}],\"로직/파일 만들기.xaml\":[{\"ActivityIdRef\":\"If_1\",\"IsAdvancedOptionsExpanded\":false,\"Widgets\":{}},{\"ActivityIdRef\":\"If_2\",\"IsAdvancedOptionsExpanded\":false,\"Widgets\":{}}],\"Framework/InitAllSettings.xaml\":[{\"ActivityIdRef\":\"If_1\",\"IsAdvancedOptionsExpanded\":false,\"Widgets\":{}},{\"ActivityIdRef\":\"GetRobotAsset_5\",\"IsAdvancedOptionsExpanded\":false,\"Categories\":{\"Misc\":true,\"출력\":true},\"Widgets\":{}}],\"로직/DART 전자공시.xaml\":[{\"ActivityIdRef\":\"If_1\",\"IsAdvancedOptionsExpanded\":false,\"Widgets\":{}}],\"로직/종목코드 조회.xaml\":[]}","ProjectBreakpoints":"{\"Value\":{}}","ProjectWatches":"{\"Value\":[{\"Id\":\"c33f5502-bed5-462e-8b98-8cab80d30bef\",\"Expression\":\"I_STR_config\"}]}"}